{"logistic_regression": {"accuracy": 0.735, "f1": 0.7165775401069518, "roc_auc": 0.8011027568922306}, "decision_tree": {"accuracy": 0.91, "f1": 0.9042553191489362, "roc_auc": 0.9722305764411027}, "random_forest": {"accuracy": 1.0, "f1": 1.0, "roc_auc": 1.0}, "lightgbm": {"accuracy": 0.74, "f1": 0.7142857142857143, "roc_auc": 0.8297744360902255}, "xgboost": {"accuracy": 0.825, "f1": 0.7976878612716763, "roc_auc": 0.9061152882205513}}