{"logistic_regression": {"accuracy": 0.675, "f1": 0.6486486486486487, "roc_auc": 0.6691729323308271}, "decision_tree": {"accuracy": 0.625, "f1": 0.6511627906976745, "roc_auc": 0.6303258145363408}, "random_forest": {"accuracy": 0.75, "f1": 0.7368421052631579, "roc_auc": 0.7644110275689223}, "lightgbm": {"accuracy": 0.675, "f1": 0.6666666666666666, "roc_auc": 0.7218045112781954}, "xgboost": {"accuracy": 0.75, "f1": 0.75, "roc_auc": 0.7192982456140351}}