{
  "logistic_regression": {
    "accuracy": 0.7,
    "f1": 0.6842105263157895,
    "roc_auc": 0.6917293233082706
  },
  "decision_tree": {
    "accuracy": 0.675,
    "f1": 0.6829268292682927,
    "roc_auc": 0.7005012531328321
  },
  "random_forest": {
    "accuracy": 0.75,
    "f1": 0.7368421052631579,
    "roc_auc": 0.7769423558897244
  },
  "lightgbm": {
    "accuracy": 0.675,
    "f1": 0.6666666666666666,
    "roc_auc": 0.7218045112781954
  },
  "xgboost": {
    "accuracy": 0.75,
    "f1": 0.7368421052631579,
    "roc_auc": 0.731829573934837
  }
}